title,body,url
Justice Department Sues SpaceX for Discriminating Against Asylees and Refugees in Hiring,,https://www.justice.gov/opa/pr/justice-department-sues-spacex-discriminating-against-asylees-and-refugees-hiring
SpaceX fires employees who signed open letter regarding Elon Musk,,https://www.theverge.com/2022/6/17/23172262/spacex-fires-employees-open-letter-elon-musk-complaints
Green light go: SpaceX receives a launch license from the FAA for Starship,,https://arstechnica.com/science/2023/04/green-light-go-spacex-receives-a-launch-license-from-the-faa-for-starship/
"We are the SpaceX software team, ask us anything!","Hi r/spacex!

We're a few of the SpaceX team members who helped develop and deploy software that flew Dragon and powered the touchscreen displays on our human spaceflight demonstration mission (aka Crew Demo-2). Now that Bob and Doug are on board the International Space Station and Dragon is in a quiescent state, we are here to answer any questions you might have about Dragon, software and working at SpaceX.

**We are**:

* Jeff Dexter - I run Flight Software and Cybersecurity at SpaceX
* Josh Sulkin - I am the software design lead for Crew Dragon
* Wendy Shimata - I manage the Dragon software team and worked fault tolerance and safety on Dragon
* John Dietrick - I lead the software development effort for Demo-2
* Sofian Hnaide - I worked on the Crew Displays software for Demo-2
* Matt Monson - I used to work on Dragon, and now lead Starlink software

[https://twitter.com/SpaceX/status/1268991039190130689](https://twitter.com/SpaceX/status/1268991039190130689)

**Update:** Thanks for all the great questions today! If you're interested in helping roll out Starlink to the world or taking humanity to the Moon and Mars, check out all of our career opportunities at [spacex.com/careers](http://www.spacex.com/careers) or send your resume to [softwarejobs@spacex.com](mailto:softwarejobs@spacex.com).",https://www.reddit.com/r/spacex/comments/gxb7j1/we_are_the_spacex_software_team_ask_us_anything/
"[Elon Musk] Fuel header tank pressure was low during landing burn, causing touchdown velocity to be high & RUD, but we got all the data we needed! Congrats SpaceX team hell yeah!!",,https://twitter.com/elonmusk/status/1336809767574982658?s=19
"We are the SpaceX software team, ask us anything!","We're a few of the people on SpaceX‚Äôs software team, and on Saturday, May 15 at 12:00 p.m. PT we‚Äôll be here to answer your questions about some of the fun projects we‚Äôve worked on this past year including:

* Designing Starlink‚Äôs scalable telemetry system¬†storing millions of points per second
* Updating the software on our¬†orbiting Starlink satellites (the largest constellation in space!)
* Designing software for the Starlink space lasers terminals for high-speed data transmission
* Developing software to support our first all civilian mission (Inspiration4)
* Completing our first operational Crew Dragon mission (Crew-1)
* Designing the onboard user interfaces for astronauts
* Rapid iteration of Starship‚Äôs flight software and user interface

**We are:**

* Jarrett Farnitano ‚Äì I work on Dragon vehicle software including the crew displays
* Kristine Huang ‚Äì I lead application software for Starlink constellation
* Jeanette Miranda ‚Äì I develop firmware for lasercom
* Asher Dunn - I lead Starship software
* Natalie Morris - I lead software test infrastructure for satellites

[https://twitter.com/SpaceX/status/1393317512482197506](https://twitter.com/SpaceX/status/1393317512482197506)

**Update:** Thanks for all the great questions! If you're interested in developing the systems to provide global space-based internet and help humanity become multiplanetary, check out the opportunities listed below that currently available on our teams, visit¬†[spacex.com/careers/](https://grnh.se/1edeb7aa2us) or send your resume to [softwarejobs@spacex.com](mailto:softwarejobs@spacex.com).

* Application Software¬†‚Äì¬†[https://grnh.se/89a7f9cc2us](https://grnh.se/89a7f9cc2us)
* Starlink Software¬†‚Äì¬†[https://grnh.se/c1a28bf62us](https://grnh.se/c1a28bf62us)
* Dragon Software¬†‚Äì¬†[https://grnh.se/5faa8f4b2us](https://grnh.se/5faa8f4b2us)
* Starship Software¬†‚Äì [https://grnh.se/25e0001b2us](https://grnh.se/25e0001b2us)
* Spacecraft Engineering ‚Äì¬†[https://grnh.se/c6743de32us](https://grnh.se/c6743de32us)
* Security Software -¬†[https://grnh.se/3b332b442us](https://grnh.se/3b332b442us)",https://www.reddit.com/r/spacex/comments/ncj4vz/we_are_the_spacex_software_team_ask_us_anything/
Elon Musk says SpaceX could face 'genuine risk of bankruptcy' from Starship engine production,,https://spaceexplored.com/2021/11/29/spacex-raptor-crisis/
"Eric Berger on Twitter: ‚ÄúAfter the briefing, Administrator Bill Nelson told me that he spoke with SpaceX's Gwynne Shotwell last weekend. He asked if Twitter/Musk was going to be a distraction to SpaceX and its commitments to NASA. ""She said to me in no uncertain terms, 'I assure you it is not.'""‚Äù",,https://twitter.com/sciguyspace/status/1602058047895080962
"SpaceX on Twitter: Teams are working towards Thursday, April 20 for the first flight test of a fully integrated Starship and Super Heavy rocket",,https://twitter.com/spacex/status/1648092752893313024
"Elon Musk tells SpaceX employees that its Starship rocket is the top priority now [Michael Sheetz, CNBC]",,https://www.cnbc.com/2020/06/07/elon-musk-email-to-spacex-employees-starship-is-the-top-priority.html
Bezos' Blue Origin loses lawsuit against NASA over SpaceX lunar lander contract,,https://www.cnbc.com/2021/11/04/bezos-blue-origin-loses-lawsuit-against-nasa-over-spacex-lunar-lander.html
"Elon Musk, says he is ""highly confident"" that SpaceX will land humans on Mars ""about 6 years from now."" ""If we get lucky, maybe 4 years ... we want to send an uncrewed vehicle there in 2 years.""",,https://twitter.com/thesheetztweetz/status/1333871203782680577?s=21
"Super Heavy Booster 4 is hoisted to the pad, SpaceX team for scale.",,https://i.redd.it/w6q28i4iz9g81.jpg
SpaceX employees draft open letter to company executives denouncing Elon Musk‚Äôs behavior,,https://www.theverge.com/2022/6/16/23170228/spacex-elon-musk-internal-open-letter-behavior
SpaceX wins $102 million Air Force contract to demonstrate technologies for point-to-point space transportation,,https://spacenews.com/spacex-wins-102-million-air-force-contract-to-demonstrate-technologies-for-point-to-point-space-transportation/
SpaceX Interplanetary Transport System,,https://www.youtube.com/watch?v=0qo78R_yYFA
Elon Musk: SpaceX is starting a program to take CO2 out of atmosphere & turn it into rocket fuel. Please join if interested.,,https://twitter.com/elonmusk/status/1470519292651352070
NASA Awards SpaceX Contract to Launch Initial Elements of Lunar Outpost,,https://www.nasa.gov/press-release/nasa-awards-contract-to-launch-initial-elements-for-lunar-outpost/
"SpaceX says early Starlink tests show ""super low latency"" and 100 megabits per second download speeds",,https://www.cnbc.com/2020/09/03/spacex-starlink-satellite-internet-network-early-tests-show-fast-speeds.html
SpaceX on Twitter: Teams are completing final checkouts and reviews ahead of Starship‚Äôs first flight test attempt; weather is looking pretty good for tomorrow morning but we're keeping an eye on wind shear,,https://twitter.com/spacex/status/1647601303634460674
FCC authorizes SpaceX to provide broadband services via satellite constellation,,https://apps.fcc.gov/edocs_public/attachmatch/DOC-349998A1.pdf
"FCC approves SpaceX change to its Starlink network, a win despite objections from Amazon and others",,https://www.cnbc.com/2021/04/27/fcc-approves-spacex-starlink-modification-despite-objections.html
"Elon Musk on Twitter: ""Today‚Äôs Falcon launch carries 2 SpaceX test satellites for global broadband. If successful, Starlink constellation will serve least served.""",,https://twitter.com/elonmusk/status/966298034978959361
NASA Awards SpaceX Second Contract Option for Artemis Moon Landing,,https://www.nasa.gov/press-release/nasa-awards-spacex-second-contract-option-for-artemis-moon-landing-0
"After Inspiration4, SpaceX sees high demand for free-flyer missions : The company will consider building vehicles dedicated to this purpose",,https://arstechnica.com/science/2021/09/after-inspiration4-spacex-sees-high-demand-for-free-flyer-missions/
"Musk said SpaceX has made a ""late-breaking"" change to Starship/Super Heavy stage separation, switching to a hot-staging approach where the ship lights its engines while a few booster engines are still firing.",,https://twitter.com/jeff_foust/status/1672630597246926851
"SpaceX Paid $250,000 to a Flight Attendant Who Accused Elon Musk of Sexual Misconduct",,https://www.businessinsider.com/spacex-paid-250000-to-a-flight-attendant-who-accused-elon-musk-of-sexual-misconduct-2022-5
"SpaceX on Twitter: ""The Falcon 9 first stage landing is confirmed.""",,https://twitter.com/SpaceX/status/679114269485436928
"SpaceX on Twitter - ""SpaceX has signed the world‚Äôs first private passenger to fly around the Moon aboard our BFR launch vehicle‚Äîan important step toward enabling access for everyday people who dream of traveling to space. Find out who‚Äôs flying and why on Monday, September 17.""",,https://twitter.com/SpaceX/status/1040397262248005632
"NASA says that, because of the protests filed by both Blue Origin and Dynetics, ‚ÄúNASA instructed SpaceX that progress on the HLS contract has been suspended until GAO resolves all outstanding litigation related to this procurement.‚Äù",,https://twitter.com/jeff_foust/status/1388208100931473419
SpaceX on Twitter: Starship fully stacked at Starbase. Team is working towards a launch rehearsal next week followed by Starship‚Äôs first integrated flight test ~week later pending regulatory approval,,https://twitter.com/spacex/status/1644044484026716160
"SpaceX on Twitter: Fairing reentry on the ViaSat-3 mission was the hottest and fastest we've ever attempted. The fairings re-entered the atmosphere greater than 15x the speed of sound, creating a large trail of plasma in its wake [video]",,https://twitter.com/spacex/status/1653509582046769156
"FCC authorizes SpaceX to provide mobile Starlink internet service to boats, planes and trucks",,https://www.cnbc.com/2022/06/30/fcc-approves-spacex-starlink-service-to-vehicles-boats-planes.html
"Jeff Foust on Twitter: ‚ÄúGwynne Shotwell told reporters last week that SpaceX sold the rigs; ""they were not the right platform."" Still interested in sea-based launch platforms, but the company wants to start flying Starship first and understand it before proceeding.‚Äù",,https://twitter.com/jeff_foust/status/1625292261830414337
"Elon Musk on Twitter: Aiming for 20km flight in Oct & orbit attempt shortly thereafter. Starship update will be on Sept 28th, anniversary of SpaceX reaching orbit. Starship Mk 1 will be fully assembled by that time.",,https://twitter.com/elonmusk/status/1166860032052539392
"Elon Musk on Twitter: We are breaking ground soon on a second Raptor factory at SpaceX Texas test site. This will focus on volume production of Raptor 2, while California factory will make Raptor Vacuum & new, experimental designs.",,https://twitter.com/elonmusk/status/1413909599711907845?s=21
"NASA awards SpaceX $53.2 million for a ""large-scale flight demonstration to transfer 10 metric tons of cryogenic propellant between tanks on a Starship vehicle""",,https://www.nasa.gov/directorates/spacetech/solicitations/tipping_points/2020_selections/
"SpaceX on Twitter: ""The Falcon 9 first stage has landed on the droneship""",,https://twitter.com/SpaceX/status/728456793735585793
SpaceX on Twitter: Falcon 9 first stage has landed on Of Course I Still Love You ‚Äî world‚Äôs first reflight of an orbital class rocket.,,https://twitter.com/SpaceX/status/847578231808991232
"SpaceX raised $850 million last week at $419.99 a share, jumping valuation to about $74 billion",,https://www.cnbc.com/2021/02/16/elon-musks-spacex-raised-850-million-at-419point99-a-share.html
"Michael Sheetz on Twitter: SpaceX is proposing to build a 469 ft tall steel launch tower for its Starship rocket in Texas, which will also ""catch the super-heavy booster upon return from launch,"" according to an FAA filing",,https://twitter.com/thesheetztweetz/status/1380250646910238724
Elon Musk's company SpaceX applies to offer high-speed internet service to Canadians,,https://www.cbc.ca/news/business/spacex-high-speed-internet-1.5618918
Official SpaceX release: SpaceX to Send Privately Crewed Dragon Spacecraft Beyond the Moon Next Year,,http://www.spacex.com/news/2017/02/27/spacex-send-privately-crewed-dragon-spacecraft-beyond-moon-next-year
SpaceX on Twitter: SpaceX has been selected to develop a lunar optimized Starship to transport crew between lunar orbit and the surface of the Moon as part of @NASA ‚Äôs Artemis program!,,https://twitter.com/SpaceX/status/1255907211533901825
SpaceX launches B1069 and successfully lands for the 100th time!,,https://i.redd.it/tej1k5u1dw681.jpg
The FAA has released the Draft Programmatic Environmental Assessment for the SpaceX Starship/Super Heavy Launch Vehicle Program,,https://www.faa.gov/space/stakeholder_engagement/spacex_starship/
SpaceX has secured $885.5M in FCC rural broadband subsidies,,https://docs.fcc.gov/public/attachments/DOC-368588A1.pdf
"@ElonMusk: ‚ÄúBtw, SpaceX is no longer planning to upgrade Falcon 9 second stage for reusability. Accelerating BFR instead. New design is very exciting! Delightfully counter-intuitive.‚Äù",,https://twitter.com/elonmusk/status/1063865779156729857?s=21
Elon Musk's SpaceX nears $150 billion valuation after secondary share sale,,https://www.cnbc.com/2023/07/13/elon-musk-spacex-near-150-billion-valuation.html
"Michael Baylor: ‚ÄúFollowing up on @thejackbeyer's find, I can confirm that Deimos and Phobos are the names of two oil rigs purchased by SpaceX ‚Äì likely for conversion to support Starship operations. ENSCO 8500 and ENSCO 8501 were the previous names of the rigs. They are nearly identical twins.‚Äù",,https://twitter.com/nextspaceflight/status/1351442201134264321?s=21
SpaceX set to join FAA to fight environmental lawsuit that could delay Starship work,,https://www.cnbc.com/2023/05/22/spacex-joining-faa-to-fight-environmental-lawsuit-over-starship.html
SpaceX proceeding with Starship orbital launch attempt after static fire,,https://spacenews.com/spacex-proceeding-with-starship-orbital-launch-attempt-after-static-fire/
SpaceX on Twitter: Successful deployment of 60 Starlink satellites confirmed!,,https://twitter.com/SpaceX/status/1193921194707128320
"SpaceX in letter to FCC: no ""close call"" between a Starlink and a OneWeb satellite last month. Additionally, OneWeb ""chose to publicly misstate the circumstances of the coordination"" but later offered to ""retract"" those statements in an FCC meeting.",,https://licensing.fcc.gov/myibfs/download.do?attachment_key=6212177
A friend of mine who works at CCAFS is reporting that the SpaceX pad just exploded.,,https://i.redd.it/nfdafgds1xix.jpg
SpaceX main body tool for the BFR interplanetary spaceship,,https://www.instagram.com/p/BhVk3y3A0yB/
"SpaceX newest launcher after the recent outcomes on the Starship test campaign announced, render leaked!",,https://i.redd.it/up171picajq61.png
"[@EricBerger] I've spoken with half a dozen employees at SpaceX since the launch. If their reaction is anything to go by, the Starship test flight was a spectacular success. Of course there's a ton to learn, to fix, and to improve. It's all super hard work. But what's new? Progress is hard.",,https://twitter.com/sciguyspace/status/1649381415442698242?s=46&t=bwuksxNtQdgzpp1PbF9CGw
"SpaceX is targeting as early as Friday for a Starship SN9 launch attempt, with FAA temporary flight restrictions reaching ""from the surface up to Unlimited."" The FAA posted windows from 9am ET to 6:59pm ET (14:00 to 23:59 UTC) on Jan 8, Jan 9, and Jan 10: h/t @SpaceTfrs",,https://twitter.com/thesheetztweetz/status/1346544541365653504?s=20
SpaceX on Twitter: ‚Äú29 Raptor engines and 4 grid fins have been installed on Super Heavy ahead of first orbital flight‚Äù,,https://twitter.com/spacex/status/1422368427369402370?s=21
Pentagon Looking to Make Sure SpaceX Doesn‚Äôt Abandon Them in War,,https://www.defenseone.com/technology/2023/03/pentagon-looking-make-sure-spacex-doesnt-abandon-them-war/383837/
"SpaceX on Twitter: Super Heavy Booster 7 completed a full duration static fire test of 31 Raptor engines, producing 7.9 million lbf of thrust (~3,600 metric tons) ‚Äì less than half of the booster‚Äôs capability",,https://twitter.com/SpaceX/status/1624150738447536128
"""First picture of SpaceX spacesuit. More in days to follow. Worth noting that this actually works (not a mockup). Already tested to double vacuum pressure. Was incredibly hard to balance esthetics and function. Easy to do either separately.""",,https://www.instagram.com/p/BYIPmEFAIIn/
SpaceX Files its Starship Mishap Report to the FAA,,https://payloadspace.com/spacex-files-its-starship-mishap-report-to-the-faa/
SpaceX wins a $130 million contract from the Air Force to launch AFSPC-52 on Falcon Heavy,,https://www.defense.gov/News/Contracts/Contract-View/Article/1557205/
SpaceX Starshield Revealed,,https://www.spacex.com/starshield
"SpaceX on Twitter: ""Falcon 9 first stage has landed""",,https://twitter.com/SpaceX/status/736313075385540608
SpaceX president defends Elon Musk over sexual misconduct claims: ‚ÄòI believe the allegations to be false‚Äô,,https://www.cnbc.com/2022/05/23/spacex-president-gwynne-shotwell-defends-elon-musk-over-sex-misconduct-allegations.html
SpaceX has few alternatives if lawsuit upends Musk's Texas launch plans,,https://www.reuters.com/technology/space/spacex-has-few-alternatives-if-lawsuit-upends-musks-texas-launch-plans-2023-05-03/
SpaceX are hiring an Offshore Operations Engineer to ‚Äúdesign and build an operational offshore rocket launch facility‚Äù,,https://boards.greenhouse.io/spacex/jobs/4764403002?gh_jid=4764403002
SpaceX ending production of flagship crew capsule,,https://www.reuters.com/lifestyle/science/exclusive-spacex-ending-production-flagship-crew-capsule-executive-2022-03-28/
SpaceX is looking to raise another big round of funding and wants to double its valuation to up to $92 billion | Business Insider,,https://www.businessinsider.com/spacex-fundraising-double-valuation-january-2021-starship-rockets-starlink-satellites-2020-12
"SpaceX on Twitter: Teams are focused on launch readiness ahead of Starship‚Äôs first integrated flight test as soon as next week, pending regulatory approval ‚Äì no launch rehearsal this week spacex.com/launches/",,https://twitter.com/spacex/status/1645875678657810439
SpaceX aims for late-December launch of Falcon Heavy,,https://www.nasaspaceflight.com/2017/11/spacex-aims-december-launch-falcon-heavy/
"Elon Musk on Twitter: ""I have been chief engineer/designer at SpaceX from day 1. Had I been better, our first 3 launches might have succeeded, but I learned from those mistakes"".",,https://twitter.com/elonmusk/status/1098532871155810304
"US military (USSOCOM) wants SpaceX to create a miniature, battery-powered Starlink dish",,https://www.teslarati.com/spacex-starlink-mini-battery-powered-dish-us-military/
"On February 28, SpaceX completed a demonstration of their ability to recover the crew and capsule after a nominal water splashdown.",,https://www.flickr.com/photos/nasakennedy/40750271222/in/dateposted/
SpaceX Likely to Spin Off Starlink Business and Pursue an IPO,,https://www.bloomberg.com/news/articles/2020-02-06/spacex-likely-to-spin-off-starlink-business-and-pursue-an-ipo
SpaceX may dig a tunnel to enable frequent South Texas launches,,https://arstechnica.com/science/2021/08/spacex-may-dig-a-tunnel-to-enable-frequent-south-texas-launches/
"SpaceX on Twitter: ""Planning to send Dragon to Mars as soon as 2018. Red Dragons will inform overall Mars architecture, details to come https://t.co/u4nbVUNCpA""",,https://twitter.com/SpaceX/status/725351354537906176
SpaceX hits $100 billion valuation,,https://www.cnbc.com/2021/10/08/elon-musks-spacex-valuation-100-billion.html
SpaceX Starlink rolls out $200 per month ‚Äòglobal‚Äô satellite internet package,,https://nightmags.com/spacex-starlink-rolls-out-200-per-month-global-satellite-internet-package/
SpaceX plans to start offering Starlink broadband services in 2020,,https://spacenews.com/spacex-plans-to-start-offering-starlink-broadband-services-in-2020/
"Michael Sheetz: SpaceX ""has told some investors it expects to bring in about $8 billion in revenue in 2023, roughly doubling its revenue from the previous year""",,https://twitter.com/thesheetztweetz/status/1681035389908185088
Axiom and SpaceX sign blockbuster deal,,https://www.axiomspace.com/press-release/axiom-spacex-deal
NASA have released the Crew 1 poster for the next SpaceX commercial transport to the ISS,,https://i.redd.it/b9q49z7gwvc51.jpg
"Elon Musk: Autonomous SpaceX droneship, A Shortfall of Gravitas",,https://twitter.com/elonmusk/status/1413598670331711493
SpaceX Landings Are Becoming More Boring,,https://i.redd.it/1ccbwvb25jfx.png
OneWeb to resume satellite launches through agreement with SpaceX,,https://oneweb.net/resources/oneweb-resume-satellite-launches-through-agreement-spacex
SpaceX on Twitter: SpaceX‚Äôs fifth high-altitude flight test of Starship from Starbase in Texas,,https://twitter.com/SpaceX/status/1392926112540364807
"SpaceX on Twitter: Welcome to Mars, @NASAPersevere! Congratulations @NASA and @NASAJPL ‚Äì another successful mission to the Red Planet ‚ù§Ô∏èüëΩ",,https://twitter.com/spacex/status/1362509291543007233?s=21
Why SpaceX is silent about winning a huge military contract,,https://qz.com/1891738/why-spacex-is-silent-about-winning-a-huge-military-contract/
SpaceX investment in Starship approaches $5 billion,,https://spacenews.com/spacex-investment-in-starship-approaches-5-billion/
"Joey Roulette: ""New: Northrop Grumman has bought three Falcon 9 missions from SpaceX to launch its Cygnus cargo spacecraft, a spokeswoman says, as the company looks to replace Antares' Russian-made RD-181 engines with Firefly's Miranda engines.",,https://twitter.com/joroulette/status/1556718378370359296
"Elon Musk: ""Mod to SpaceX tech tree build: Falcon 9 second stage will be upgraded to be like a mini-BFR Ship""",,https://twitter.com/elonmusk/status/1060253333116473344
"Elon Musk: If 2021 manifest is met, SpaceX will do ~75% of total Earth payload to orbit with Falcon. A single Starship is designed to do in a day what all rockets on Earth currently do in a year. Even so, ~1000 Starships will take ~20 years to build a self-sustaining city on Mars.",,https://twitter.com/elonmusk/status/1369933283174318082
Emre Kelly on Twitter: NASA has awarded SpaceX a $255 million contract to launch the Roman Space Telescope from KSC. Targeting Oct. 2026 for Falcon Heavy.,,https://twitter.com/emrekelly/status/1549488929891557376?s=21&t=NoRnV-HvgnfZqBOfZCHgNg
SpaceX on Twitter: Falcon Heavy side cores have landed at SpaceX‚Äôs Landing Zones 1 and 2.,,https://twitter.com/SpaceX/status/960980119312453632
NASA awards SpaceX five additional Crew Dragon missions (Crew-10 through Crew-14),,https://twitter.com/joroulette/status/1565069479725383680
"SpaceX plans Starlink broadband for trucks, ships, and planes [Updated]",,https://arstechnica.com/information-technology/2021/03/spacex-plans-starlink-broadband-for-cars-boats-and-planes/
